{
  "employees": [
    {
      "id": 1,
      "firstName": "John",
      "lastName": "Doe",
      "email": "john.doe@company.com",
      "phone": "+1-555-0100",
      "department": "Engineering",
      "position": "Senior Developer",
      "salary": 95000,
      "joinDate": "2022-01-15",
      "status": "Active",
      "managerId": null,
      "teamId": 1,
      "skills": ["JavaScript", "React", "Node.js", "Python"],
      "experience": 8,
      "education": "Bachelor's in Computer Science",
      "address": {
        "street": "123 Main St",
        "city": "San Francisco",
        "state": "CA",
        "zip": "94102"
      },
      "emergencyContact": {
        "name": "Jane Doe",
        "relationship": "Spouse",
        "phone": "+1-555-0199"
      },
      "performance": {
        "rating": 4.5,
        "lastReview": "2024-10-01",
        "goals": "Lead new project initiative"
      },
      "avatar": "https://i.pravatar.cc/150?img=1"
    },
    {
      "id": 2,
      "firstName": "Jane",
      "lastName": "Smith",
      "email": "jane.smith@company.com",
      "phone": "+1-555-0101",
      "department": "Marketing",
      "position": "Marketing Manager",
      "salary": 85000,
      "joinDate": "2021-06-20",
      "status": "Active",
      "managerId": null,
      "teamId": 2,
      "skills": ["Digital Marketing", "SEO", "Content Strategy", "Analytics"],
      "experience": 6,
      "education": "MBA - Marketing",
      "address": {
        "street": "456 Oak Ave",
        "city": "Los Angeles",
        "state": "CA",
        "zip": "90001"
      },
      "emergencyContact": {
        "name": "Robert Smith",
        "relationship": "Brother",
        "phone": "+1-555-0198"
      },
      "performance": {
        "rating": 4.2,
        "lastReview": "2024-09-15",
        "goals": "Increase brand awareness by 30%"
      },
      "avatar": "https://i.pravatar.cc/150?img=5"
    },
    {
      "id": 3,
      "firstName": "Mike",
      "lastName": "Johnson",
      "email": "mike.j@company.com",
      "phone": "+1-555-0102",
      "department": "Sales",
      "position": "Sales Representative",
      "salary": 65000,
      "joinDate": "2023-03-10",
      "status": "Active",
      "managerId": 7,
      "teamId": 3,
      "skills": ["Negotiation", "CRM", "Cold Calling", "Presentation"],
      "experience": 3,
      "education": "Bachelor's in Business",
      "address": {
        "street": "789 Pine Rd",
        "city": "Austin",
        "state": "TX",
        "zip": "73301"
      },
      "emergencyContact": {
        "name": "Lisa Johnson",
        "relationship": "Mother",
        "phone": "+1-555-0197"
      },
      "performance": {
        "rating": 3.8,
        "lastReview": "2024-08-20",
        "goals": "Close 50 deals this quarter"
      },
      "avatar": "https://i.pravatar.cc/150?img=12"
    },
    {
      "id": 4,
      "firstName": "Sarah",
      "lastName": "Williams",
      "email": "sarah.w@company.com",
      "phone": "+1-555-0103",
      "department": "HR",
      "position": "HR Manager",
      "salary": 78000,
      "joinDate": "2021-09-05",
      "status": "Active",
      "managerId": null,
      "teamId": 4,
      "skills": ["Recruitment", "Employee Relations", "Compliance", "Training"],
      "experience": 7,
      "education": "Master's in HR Management",
      "address": {
        "street": "321 Elm St",
        "city": "Seattle",
        "state": "WA",
        "zip": "98101"
      },
      "emergencyContact": {
        "name": "Tom Williams",
        "relationship": "Father",
        "phone": "+1-555-0196"
      },
      "performance": {
        "rating": 4.7,
        "lastReview": "2024-10-10",
        "goals": "Improve employee retention by 15%"
      },
      "avatar": "https://i.pravatar.cc/150?img=9"
    },
    {
      "id": 5,
      "firstName": "David",
      "lastName": "Brown",
      "email": "david.brown@company.com",
      "phone": "+1-555-0104",
      "department": "Finance",
      "position": "Financial Analyst",
      "salary": 72000,
      "joinDate": "2022-11-18",
      "status": "Active",
      "managerId": 10,
      "teamId": 5,
      "skills": ["Financial Modeling", "Excel", "SQL", "Forecasting"],
      "experience": 4,
      "education": "Bachelor's in Finance",
      "address": {
        "street": "654 Maple Dr",
        "city": "Chicago",
        "state": "IL",
        "zip": "60601"
      },
      "emergencyContact": {
        "name": "Emma Brown",
        "relationship": "Sister",
        "phone": "+1-555-0195"
      },
      "performance": {
        "rating": 4.0,
        "lastReview": "2024-09-01",
        "goals": "Optimize budget allocation process"
      },
      "avatar": "https://i.pravatar.cc/150?img=13"
    },
    {
      "id": 6,
      "firstName": "Emily",
      "lastName": "Davis",
      "email": "emily.d@company.com",
      "phone": "+1-555-0105",
      "department": "Engineering",
      "position": "Frontend Developer",
      "salary": 82000,
      "joinDate": "2023-02-14",
      "status": "Active",
      "managerId": 1,
      "teamId": 1,
      "skills": ["React", "CSS", "TypeScript", "UI/UX"],
      "experience": 5,
      "education": "Bachelor's in Computer Science",
      "address": {
        "street": "987 Cedar Ln",
        "city": "Portland",
        "state": "OR",
        "zip": "97201"
      },
      "emergencyContact": {
        "name": "Michael Davis",
        "relationship": "Husband",
        "phone": "+1-555-0194"
      },
      "performance": {
        "rating": 4.3,
        "lastReview": "2024-08-30",
        "goals": "Migrate legacy codebase to React"
      },
      "avatar": "https://i.pravatar.cc/150?img=10"
    },
    {
      "id": 7,
      "firstName": "Robert",
      "lastName": "Wilson",
      "email": "robert.w@company.com",
      "phone": "+1-555-0106",
      "department": "Sales",
      "position": "Sales Director",
      "salary": 105000,
      "joinDate": "2020-04-22",
      "status": "Active",
      "managerId": null,
      "teamId": 3,
      "skills": ["Leadership", "Strategy", "Business Development", "Team Management"],
      "experience": 12,
      "education": "MBA - Business Administration",
      "address": {
        "street": "147 Birch St",
        "city": "Boston",
        "state": "MA",
        "zip": "02101"
      },
      "emergencyContact": {
        "name": "Susan Wilson",
        "relationship": "Wife",
        "phone": "+1-555-0193"
      },
      "performance": {
        "rating": 4.8,
        "lastReview": "2024-10-15",
        "goals": "Expand market share in East Coast"
      },
      "avatar": "https://i.pravatar.cc/150?img=15"
    },
    {
      "id": 8,
      "firstName": "Lisa",
      "lastName": "Anderson",
      "email": "lisa.a@company.com",
      "phone": "+1-555-0107",
      "department": "Marketing",
      "position": "Content Specialist",
      "salary": 58000,
      "joinDate": "2023-07-30",
      "status": "On Leave",
      "managerId": 2,
      "teamId": 2,
      "skills": ["Content Writing", "Social Media", "Copywriting", "SEO"],
      "experience": 3,
      "education": "Bachelor's in Communications",
      "address": {
        "street": "258 Willow Way",
        "city": "Denver",
        "state": "CO",
        "zip": "80201"
      },
      "emergencyContact": {
        "name": "Mark Anderson",
        "relationship": "Father",
        "phone": "+1-555-0192"
      },
      "performance": {
        "rating": 3.9,
        "lastReview": "2024-07-15",
        "goals": "Create 50 blog posts per quarter"
      },
      "avatar": "https://i.pravatar.cc/150?img=20"
    },
    {
      "id": 9,
      "firstName": "Chris",
      "lastName": "Martinez",
      "email": "chris.m@company.com",
      "phone": "+1-555-0108",
      "department": "Engineering",
      "position": "DevOps Engineer",
      "salary": 88000,
      "joinDate": "2022-05-12",
      "status": "Active",
      "managerId": 1,
      "teamId": 1,
      "skills": ["AWS", "Docker", "Kubernetes", "CI/CD", "Python"],
      "experience": 6,
      "education": "Bachelor's in Information Technology",
      "address": {
        "street": "369 Spruce Ave",
        "city": "Miami",
        "state": "FL",
        "zip": "33101"
      },
      "emergencyContact": {
        "name": "Maria Martinez",
        "relationship": "Mother",
        "phone": "+1-555-0191"
      },
      "performance": {
        "rating": 4.6,
        "lastReview": "2024-09-20",
        "goals": "Reduce deployment time by 40%"
      },
      "avatar": "https://i.pravatar.cc/150?img=17"
    },
    {
      "id": 10,
      "firstName": "Amanda",
      "lastName": "Taylor",
      "email": "amanda.t@company.com",
      "phone": "+1-555-0109",
      "department": "Finance",
      "position": "Finance Director",
      "salary": 115000,
      "joinDate": "2019-08-15",
      "status": "Active",
      "managerId": null,
      "teamId": 5,
      "skills": ["Financial Planning", "Risk Management", "Budgeting", "Leadership"],
      "experience": 14,
      "education": "MBA - Finance, CPA",
      "address": {
        "street": "741 Aspen Ct",
        "city": "New York",
        "state": "NY",
        "zip": "10001"
      },
      "emergencyContact": {
        "name": "James Taylor",
        "relationship": "Spouse",
        "phone": "+1-555-0190"
      },
      "performance": {
        "rating": 4.9,
        "lastReview": "2024-10-20",
        "goals": "Implement new financial reporting system"
      },
      "avatar": "https://i.pravatar.cc/150?img=24"
    }
  ],
  "teams": [
    {
      "id": 1,
      "name": "Engineering Team",
      "department": "Engineering",
      "description": "Software development and technical innovation",
      "leaderId": 1,
      "memberCount": 3
    },
    {
      "id": 2,
      "name": "Marketing Team",
      "department": "Marketing",
      "description": "Brand management and digital marketing",
      "leaderId": 2,
      "memberCount": 2
    },
    {
      "id": 3,
      "name": "Sales Team",
      "department": "Sales",
      "description": "Business development and client relations",
      "leaderId": 7,
      "memberCount": 2
    },
    {
      "id": 4,
      "name": "HR Team",
      "department": "HR",
      "description": "Human resources and employee welfare",
      "leaderId": 4,
      "memberCount": 1
    },
    {
      "id": 5,
      "name": "Finance Team",
      "department": "Finance",
      "description": "Financial planning and analysis",
      "leaderId": 10,
      "memberCount": 2
    }
  ],
  "departments": [
    {
      "id": 1,
      "name": "Engineering",
      "code": "ENG",
      "budget": 2500000,
      "headCount": 3,
      "location": "San Francisco, CA"
    },
    {
      "id": 2,
      "name": "Marketing",
      "code": "MKT",
      "budget": 800000,
      "headCount": 2,
      "location": "Los Angeles, CA"
    },
    {
      "id": 3,
      "name": "Sales",
      "code": "SLS",
      "budget": 1500000,
      "headCount": 2,
      "location": "Boston, MA"
    },
    {
      "id": 4,
      "name": "HR",
      "code": "HR",
      "budget": 500000,
      "headCount": 1,
      "location": "Seattle, WA"
    },
    {
      "id": 5,
      "name": "Finance",
      "code": "FIN",
      "budget": 1200000,
      "headCount": 2,
      "location": "New York, NY"
    }
  ],
  "attendance": [
    {
      "id": 1,
      "employeeId": 1,
      "date": "2024-10-25",
      "checkIn": "09:00",
      "checkOut": "18:00",
      "status": "Present",
      "hoursWorked": 9
    },
    {
      "id": 2,
      "employeeId": 2,
      "date": "2024-10-25",
      "checkIn": "09:15",
      "checkOut": "17:45",
      "status": "Present",
      "hoursWorked": 8.5
    }
  ],
  "leaves": [
    {
      "id": 1,
      "employeeId": 8,
      "type": "Sick Leave",
      "startDate": "2024-10-20",
      "endDate": "2024-10-27",
      "days": 8,
      "reason": "Medical procedure",
      "status": "Approved",
      "approvedBy": 4
    }
  ],
  "projects": [
    {
      "id": 1,
      "name": "Website Redesign",
      "description": "Complete redesign of company website",
      "status": "In Progress",
      "startDate": "2024-09-01",
      "endDate": "2024-12-31",
      "budget": 150000,
      "teamId": 1,
      "assignedEmployees": [1, 6]
    },
    {
      "id": 2,
      "name": "Q4 Marketing Campaign",
      "description": "Holiday season marketing initiative",
      "status": "Planning",
      "startDate": "2024-11-01",
      "endDate": "2024-12-31",
      "budget": 80000,
      "teamId": 2,
      "assignedEmployees": [2, 8]
    }
  ]
}